{"el": {"52.8.0": {"Windows": {"filesize": 25.100000000000001}, "OS X": {"filesize": 50.799999999999997}, "Linux": {"filesize": 31.800000000000001}}}, "zh-TW": {"52.8.0": {"Windows": {"filesize": 25.100000000000001}, "OS X": {"filesize": 50.799999999999997}, "Linux": {"filesize": 31.800000000000001}}}, "kab": {"52.8.0": {"Windows": {"filesize": 25.100000000000001}, "OS X": {"filesize": 50.799999999999997}, "Linux": {"filesize": 31.800000000000001}}}, "ta-LK": {"52.8.0": {"Windows": {"filesize": 25.100000000000001}, "OS X": {"filesize": 50.799999999999997}, "Linux": {"filesize": 31.800000000000001}}}, "vi": {"52.8.0": {"Windows": {"filesize": 25.100000000000001}, "OS X": {"filesize": 50.799999999999997}, "Linux": {"filesize": 31.800000000000001}}}, "ca": {"52.8.0": {"Windows": {"filesize": 25.100000000000001}, "OS X": {"filesize": 50.799999999999997}, "Linux": {"filesize": 31.800000000000001}}}, "it": {"52.8.0": {"Windows": {"filesize": 25.100000000000001}, "OS X": {"filesize": 50.799999999999997}, "Linux": {"filesize": 31.800000000000001}}}, "cs": {"52.8.0": {"Windows": {"filesize": 25.100000000000001}, "OS X": {"filesize": 50.799999999999997}, "Linux": {"filesize": 31.800000000000001}}}, "cy": {"52.8.0": {"Windows": {"filesize": 25.100000000000001}, "OS X": {"filesize": 50.799999999999997}, "Linux": {"filesize": 31.800000000000001}}}, "ar": {"52.8.0": {"Windows": {"filesize": 25.100000000000001}, "OS X": {"filesize": 50.799999999999997}, "Linux": {"filesize": 31.800000000000001}}}, "bn-BD": {"52.8.0": {"Windows": {"filesize": 25.100000000000001}, "OS X": {"filesize": 50.799999999999997}, "Linux": {"filesize": 31.800000000000001}}}, "nb-NO": {"52.8.0": {"Windows": {"filesize": 25.100000000000001}, "OS X": {"filesize": 50.799999999999997}, "Linux": {"filesize": 31.800000000000001}}}, "eu": {"52.8.0": {"Windows": {"filesize": 25.100000000000001}, "OS X": {"filesize": 50.799999999999997}, "Linux": {"filesize": 31.800000000000001}}}, "et": {"52.8.0": {"Windows": {"filesize": 25.100000000000001}, "OS X": {"filesize": 50.799999999999997}, "Linux": {"filesize": 31.800000000000001}}}, "gl": {"52.8.0": {"Windows": {"filesize": 25.100000000000001}, "OS X": {"filesize": 50.799999999999997}, "Linux": {"filesize": 31.800000000000001}}}, "es-ES": {"52.8.0": {"Windows": {"filesize": 25.100000000000001}, "OS X": {"filesize": 50.799999999999997}, "Linux": {"filesize": 31.800000000000001}}}, "id": {"52.8.0": {"Windows": {"filesize": 25.100000000000001}, "OS X": {"filesize": 50.799999999999997}, "Linux": {"filesize": 31.800000000000001}}}, "en-GB": {"52.8.0": {"Windows": {"filesize": 25.100000000000001}, "OS X": {"filesize": 50.799999999999997}, "Linux": {"filesize": 31.800000000000001}}}, "ru": {"52.8.0": {"Windows": {"filesize": 25.100000000000001}, "OS X": {"filesize": 50.799999999999997}, "Linux": {"filesize": 31.800000000000001}}}, "pa-IN": {"52.8.0": {"Windows": {"filesize": 25.100000000000001}, "OS X": {"filesize": 50.799999999999997}, "Linux": {"filesize": 31.800000000000001}}}, "nl": {"52.8.0": {"Windows": {"filesize": 25.100000000000001}, "OS X": {"filesize": 50.799999999999997}, "Linux": {"filesize": 31.800000000000001}}}, "sl": {"52.8.0": {"Windows": {"filesize": 25.100000000000001}, "OS X": {"filesize": 50.799999999999997}, "Linux": {"filesize": 31.800000000000001}}}, "tr": {"52.8.0": {"Windows": {"filesize": 25.100000000000001}, "OS X": {"filesize": 50.799999999999997}, "Linux": {"filesize": 31.800000000000001}}}, "lt": {"52.8.0": {"Windows": {"filesize": 25.100000000000001}, "OS X": {"filesize": 50.799999999999997}, "Linux": {"filesize": 31.800000000000001}}}, "sr": {"52.8.0": {"Windows": {"filesize": 25.100000000000001}, "OS X": {"filesize": 50.799999999999997}, "Linux": {"filesize": 31.800000000000001}}}, "rm": {"52.8.0": {"Windows": {"filesize": 25.100000000000001}, "OS X": {"filesize": 50.799999999999997}, "Linux": {"filesize": 31.800000000000001}}}, "en-US": {"52.8.0": {"Windows": {"filesize": 25.100000000000001}, "OS X": {"filesize": 50.799999999999997}, "Linux": {"filesize": 31.800000000000001}}}, "ro": {"52.8.0": {"Windows": {"filesize": 25.100000000000001}, "OS X": {"filesize": 50.799999999999997}, "Linux": {"filesize": 31.800000000000001}}}, "dsb": {"52.8.0": {"Windows": {"filesize": 25.100000000000001}, "OS X": {"filesize": 50.799999999999997}, "Linux": {"filesize": 31.800000000000001}}}, "is": {"52.8.0": {"Windows": {"filesize": 25.100000000000001}, "OS X": {"filesize": 50.799999999999997}, "Linux": {"filesize": 31.800000000000001}}}, "pl": {"52.8.0": {"Windows": {"filesize": 25.100000000000001}, "OS X": {"filesize": 50.799999999999997}, "Linux": {"filesize": 31.800000000000001}}}, "hsb": {"52.8.0": {"Windows": {"filesize": 25.100000000000001}, "OS X": {"filesize": 50.799999999999997}, "Linux": {"filesize": 31.800000000000001}}}, "be": {"52.8.0": {"Windows": {"filesize": 25.100000000000001}, "OS X": {"filesize": 50.799999999999997}, "Linux": {"filesize": 31.800000000000001}}}, "fr": {"52.8.0": {"Windows": {"filesize": 25.100000000000001}, "OS X": {"filesize": 50.799999999999997}, "Linux": {"filesize": 31.800000000000001}}}, "bg": {"52.8.0": {"Windows": {"filesize": 25.100000000000001}, "OS X": {"filesize": 50.799999999999997}, "Linux": {"filesize": 31.800000000000001}}}, "sv-SE": {"52.8.0": {"Windows": {"filesize": 25.100000000000001}, "OS X": {"filesize": 50.799999999999997}, "Linux": {"filesize": 31.800000000000001}}}, "ast": {"52.8.0": {"Windows": {"filesize": 25.100000000000001}, "OS X": {"filesize": 50.799999999999997}, "Linux": {"filesize": 31.800000000000001}}}, "hr": {"52.8.0": {"Windows": {"filesize": 25.100000000000001}, "OS X": {"filesize": 50.799999999999997}, "Linux": {"filesize": 31.800000000000001}}}, "de": {"52.8.0": {"Windows": {"filesize": 25.100000000000001}, "OS X": {"filesize": 50.799999999999997}, "Linux": {"filesize": 31.800000000000001}}}, "da": {"52.8.0": {"Windows": {"filesize": 25.100000000000001}, "OS X": {"filesize": 50.799999999999997}, "Linux": {"filesize": 31.800000000000001}}}, "pt-BR": {"52.8.0": {"Windows": {"filesize": 25.100000000000001}, "OS X": {"filesize": 50.799999999999997}, "Linux": {"filesize": 31.800000000000001}}}, "br": {"52.8.0": {"Windows": {"filesize": 25.100000000000001}, "OS X": {"filesize": 50.799999999999997}, "Linux": {"filesize": 31.800000000000001}}}, "fi": {"52.8.0": {"Windows": {"filesize": 25.100000000000001}, "OS X": {"filesize": 50.799999999999997}, "Linux": {"filesize": 31.800000000000001}}}, "hu": {"52.8.0": {"Windows": {"filesize": 25.100000000000001}, "OS X": {"filesize": 50.799999999999997}, "Linux": {"filesize": 31.800000000000001}}}, "ja": {"52.8.0": {"Windows": {"filesize": 25.100000000000001}, "OS X": {"filesize": 50.799999999999997}, "Linux": {"filesize": 31.800000000000001}}}, "he": {"52.8.0": {"Windows": {"filesize": 25.100000000000001}, "OS X": {"filesize": 50.799999999999997}, "Linux": {"filesize": 31.800000000000001}}}, "hy-AM": {"52.8.0": {"Windows": {"filesize": 25.100000000000001}, "OS X": {"filesize": 50.799999999999997}, "Linux": {"filesize": 31.800000000000001}}}, "pt-PT": {"52.8.0": {"Windows": {"filesize": 25.100000000000001}, "OS X": {"filesize": 50.799999999999997}, "Linux": {"filesize": 31.800000000000001}}}, "es-AR": {"52.8.0": {"Windows": {"filesize": 25.100000000000001}, "OS X": {"filesize": 50.799999999999997}, "Linux": {"filesize": 31.800000000000001}}}, "sq": {"52.8.0": {"Windows": {"filesize": 25.100000000000001}, "OS X": {"filesize": 50.799999999999997}, "Linux": {"filesize": 31.800000000000001}}}, "ko": {"52.8.0": {"Windows": {"filesize": 25.100000000000001}, "OS X": {"filesize": 50.799999999999997}, "Linux": {"filesize": 31.800000000000001}}}, "nn-NO": {"52.8.0": {"Windows": {"filesize": 25.100000000000001}, "OS X": {"filesize": 50.799999999999997}, "Linux": {"filesize": 31.800000000000001}}}, "ga-IE": {"52.8.0": {"Windows": {"filesize": 25.100000000000001}, "OS X": {"filesize": 50.799999999999997}, "Linux": {"filesize": 31.800000000000001}}},